,MergeSort,InsertSort,Algoritmo1,Algoritmo2
count,150.0,150.0,150.0,150.0
mean,0.01076283285172408,2.6440031543731224,0.003644800594381516,7.039748836176303e-05
std,0.0192738148766853,5.281871531745987,0.006680089439627852,0.00016382851263434104
min,3.848882605231659e-06,4.2765362280352e-07,4.2765362280352e-07,0.0
25%,3.83819126466157e-05,1.507479020382399e-05,8.55307245607035e-06,4.2765362280352e-07
50%,0.0005251586488027195,0.00135074396762491,0.00012423337742442184,3.20740217102638e-06
75%,0.0049759637281303285,0.13804830005546667,0.0017447198676326507,7.066976116828127e-05
max,0.06648046627929803,16.458952308495643,0.025468911506063487,0.001572482371048534
