TamanhoDaEntrada,MergeSort,InsertSort,Algoritmo1,Algoritmo2
10,5.1603537151624445e-06,4.561638643237546e-07,1.069134057008796e-06,4.419087435636369e-07
100,4.246600474438929e-05,3.250167533306734e-05,9.12327728647504e-06,2.4233705292199343e-06
1000,0.0005199127643629964,0.0013614495633157584,0.00011436883385842072,4.846741058439868e-06
10000,0.004620968455841129,0.13023908831090075,0.0015296599882851417,8.183864828383312e-05
100000,0.04862565667995671,13.088382276152199,0.016569781738420532,0.0002624367731937586
